{
	"class_name" : "ViewTrajectory",
	"interval" : 29,
	"is_loop" : false,
	"trajectory" :
	[
		{
			"boundingbox_max" : [ 2.684133768081665, 1.4881007671356201, 5.2738337516784668 ],
			"boundingbox_min" : [ -2.935347318649292, -1.4594368934631348, 0.068327903747558594 ],
			"field_of_view" : 60.0,
			"front" : [ -0.34704794632068986, -0.37486748786146062, -0.8596697560685902 ],
			"lookat" : [ -0.25275748259097619, -0.15191678581175563, 2.6764546543142531 ],
			"up" : [ 0.30181529939607638, -0.91251985430230598, 0.27607071658282617 ],
			"zoom" : 0.15999999999999961
		}
	],
	"version_major" : 1,
	"version_minor" : 0
}