{
	"class_name" : "ViewTrajectory",
	"interval" : 29,
	"is_loop" : false,
	"trajectory" : 
	[
		{
			"boundingbox_max" : [ 3.2607448101043701, 1.4330790042877197, 3.5938065052032471 ],
			"boundingbox_min" : [ -1.6588000059127808, -1.5717999935150146, -3.1668000221252441 ],
			"field_of_view" : 60.0,
			"front" : [ -0.62235000446483535, -0.60624370722985055, -0.49512527645720816 ],
			"lookat" : [ 2.844121032859686, 0.68530960336334745, 1.2935005525191134 ],
			"up" : [ 0.69351962691758107, -0.72036397345092817, 0.010308871620594656 ],
			"zoom" : 0.11999999999999995
		}
	],
	"version_major" : 1,
	"version_minor" : 0
}
