{
	"class_name" : "ViewTrajectory",
	"interval" : 29,
	"is_loop" : false,
	"trajectory" : 
	[
		{
			"boundingbox_max" : [ 3.2607448101043701, 1.4330790042877197, 3.5938065052032471 ],
			"boundingbox_min" : [ -1.6588000059127808, -1.5717999935150146, -3.1668000221252441 ],
			"field_of_view" : 60.0,
			"front" : [ -0.45592908732140569, -0.54234215884960513, -0.70568665147402343 ],
			"lookat" : [ 1.1345366378278789, 0.029095505905388789, 0.98579136341143236 ],
			"up" : [ 0.51392556577715687, -0.80777280399054763, 0.28876220316010526 ],
			"zoom" : 0.2999999999999996
		}
	],
	"version_major" : 1,
	"version_minor" : 0
}
