{
	"class_name" : "ViewTrajectory",
	"interval" : 29,
	"is_loop" : false,
	"trajectory" : 
	[
		{
			"boundingbox_max" : [ 3.2607448101043701, 1.4330790042877197, 3.5938065052032471 ],
			"boundingbox_min" : [ -1.6588000059127808, -1.5717999935150146, -3.1668000221252441 ],
			"field_of_view" : 60.0,
			"front" : [ -0.5323740917171893, -0.76358237325829859, 0.36540359291818997 ],
			"lookat" : [ 2.1977917475436692, 0.5740995140556957, -0.005583132454399755 ],
			"up" : [ 0.4187140184588104, -0.61268983338524452, -0.67029078675783416 ],
			"zoom" : 0.14000000000000001
		}
	],
	"version_major" : 1,
	"version_minor" : 0
}
