{
	"class_name" : "ViewTrajectory",
	"interval" : 29,
	"is_loop" : false,
	"trajectory" :
	[
		{
			"boundingbox_max" : [ 3.2607448101043701, 1.4330790042877197, 3.5938065052032471 ],
			"boundingbox_min" : [ -1.6588000059127808, -1.5717999935150146, -3.1668000221252441 ],
			"field_of_view" : 60.0,
			"front" : [ -0.93476551193591328, -0.35364533452088481, -0.03388827329330181 ],
			"lookat" : [ 1.0580659760281965, -0.047489001711053143, -1.1795474031045441 ],
			"up" : [ 0.35207716664651723, -0.93490328154695324, 0.044693655913329265 ],
			"zoom" : 0.11999999999999962
		}
	],
	"version_major" : 1,
	"version_minor" : 0
}